,domain,ip
0,www.rakuten-card.co.jp,23.46.229.106
0,www.rakuten-card.co.jp,23.46.229.73
0,www.rakuten-card.co.jp,23.218.95.163
0,www.rakuten-card.co.jp,23.218.95.161
0,www.rakuten-card.co.jp,210.57.59.134
0,www.rakuten-card.co.jp,210.57.59.202
0,www.rakuten-card.co.jp,23.195.88.233
0,www.rakuten-card.co.jp,23.195.88.195
0,www.rakuten-card.co.jp,23.208.85.121
0,www.rakuten-card.co.jp,23.208.85.17
0,www.rakuten-card.co.jp,23.204.75.27
0,www.rakuten-card.co.jp,23.204.75.42
0,www.rakuten-card.co.jp,23.52.106.154
0,www.rakuten-card.co.jp,23.52.106.161
0,www.rakuten-card.co.jp,210.132.245.225
0,www.rakuten-card.co.jp,210.132.245.201
0,www.rakuten-card.co.jp,119.25.113.82
0,www.rakuten-card.co.jp,119.25.113.90
0,www.rakuten.co.jp,23.48.41.224
0,www.rakuten.co.jp,23.199.230.80
0,www.rakuten.co.jp,23.60.109.207
0,www.rakuten.co.jp,23.208.89.192
0,www.rakuten.co.jp,23.212.178.39
0,www.rakuten.co.jp,23.60.162.80
0,www.rakuten.co.jp,184.25.233.206
0,www.rakuten-sec.co.jp,23.59.3.145
0,www.rakuten-sec.co.jp,184.26.225.43
0,www.rakuten-sec.co.jp,23.2.141.39
0,www.rakuten-sec.co.jp,23.194.86.207
0,www.rakuten-sec.co.jp,104.118.90.202
0,www.rakuten-sec.co.jp,118.215.177.75
0,www.rakuten-sec.co.jp,104.75.240.62
0,www.rakuten-sec.co.jp,104.80.163.67
0,grp01.id.rakuten.co.jp,23.59.5.192
0,grp01.id.rakuten.co.jp,23.9.162.185
0,grp01.id.rakuten.co.jp,23.2.142.142
0,grp01.id.rakuten.co.jp,23.194.87.54
0,grp01.id.rakuten.co.jp,104.118.117.121
0,grp01.id.rakuten.co.jp,118.215.178.78
0,grp01.id.rakuten.co.jp,104.75.241.185
0,grp01.id.rakuten.co.jp,104.80.191.131
0,grp02.id.rakuten.co.jp,23.59.5.192
0,grp02.id.rakuten.co.jp,23.9.162.185
0,grp02.id.rakuten.co.jp,23.2.142.142
0,grp02.id.rakuten.co.jp,23.194.87.54
0,grp02.id.rakuten.co.jp,104.118.117.121
0,grp02.id.rakuten.co.jp,118.215.178.78
0,grp02.id.rakuten.co.jp,104.75.241.185
0,grp02.id.rakuten.co.jp,104.80.191.131
0,grp03.id.rakuten.co.jp,23.59.5.192
0,grp03.id.rakuten.co.jp,23.9.162.185
0,grp03.id.rakuten.co.jp,23.2.142.142
0,grp03.id.rakuten.co.jp,23.194.87.54
0,grp03.id.rakuten.co.jp,104.118.117.121
0,grp03.id.rakuten.co.jp,118.215.178.78
0,grp03.id.rakuten.co.jp,104.75.241.185
0,grp03.id.rakuten.co.jp,104.80.191.131
0,grp04.id.rakuten.co.jp,23.59.5.192
0,grp04.id.rakuten.co.jp,23.9.162.185
0,grp04.id.rakuten.co.jp,23.2.142.142
0,grp04.id.rakuten.co.jp,23.194.87.54
0,grp04.id.rakuten.co.jp,104.118.117.121
0,grp04.id.rakuten.co.jp,118.215.178.78
0,grp04.id.rakuten.co.jp,104.75.241.185
0,grp04.id.rakuten.co.jp,104.80.191.131
0,fes.rakuten-bank.co.jp,23.53.198.116
0,fes.rakuten-bank.co.jp,184.26.26.243
0,fes.rakuten-bank.co.jp,23.2.134.111
0,fes.rakuten-bank.co.jp,23.194.84.253
0,fes.rakuten-bank.co.jp,104.118.84.225
0,fes.rakuten-bank.co.jp,23.42.77.131
0,fes.rakuten-bank.co.jp,104.76.14.243
0,fes.rakuten-bank.co.jp,104.80.193.50
0,member.rakuten-sec.co.jp,104.87.68.179
0,member.rakuten-sec.co.jp,23.9.173.148
0,member.rakuten-sec.co.jp,23.37.157.94
0,member.rakuten-sec.co.jp,23.194.92.252
0,member.rakuten-sec.co.jp,104.118.127.192
0,member.rakuten-sec.co.jp,118.215.190.177
0,member.rakuten-sec.co.jp,104.76.3.240
0,member.rakuten-sec.co.jp,104.80.186.147
0,login.account.rakuten.com,133.237.108.94
0,login.account.rakuten.com,133.237.88.181
